SEQN,SURVEY,RIAGENDR,RIDAGEYR,BMXBMI,LBDGLUSI
10001,1999-2000,1,65,25.0,5.0
10002,1999-2000,1,55,28.4,4.13
10003,2001-2002,1,50,32.6,6.53
10004,2017-2018,2,32,29.1,5.25
10005,1999-2000,1,62,28.4,5.25
10006,2001-2002,2,24,20.7,4.44
10007,2003-2004,2,69,19.5,6.07
10008,1999-2000,2,23,31.5,7.73
10009,2017-2018,2,54,23.0,4.31
10010,2001-2002,2,23,38.6,7.9
10011,2005-2006,2,47,33.4,5.64
10012,2003-2004,2,31,34.2,7.16
10013,1999-2000,1,52,35.6,4.74
10014,2005-2006,2,77,33.5,6.51
10015,2003-2004,1,32,37.8,7.62
10016,2005-2006,2,22,45.2,6.8
10017,2003-2004,1,59,30.2,7.98
10018,2005-2006,1,34,21.8,7.35
10019,2017-2018,2,65,32.2,8.04
10020,2005-2006,2,32,41.9,4.62
10021,2005-2006,1,66,19.6,4.49
10022,2001-2002,2,56,20.0,5.72
10023,2005-2006,2,80,31.5,8.24
10024,1999-2000,2,67,33.6,4.5
10025,2005-2006,1,47,18.6,7.25
10026,2003-2004,1,50,39.9,7.92
10027,2003-2004,1,27,27.3,4.73
10028,2017-2018,1,56,26.1,4.09
10029,2003-2004,2,33,19.9,7.95
10030,1999-2000,1,64,29.9,4.31
10031,2017-2018,1,26,34.0,8.26
10032,2001-2002,2,51,39.0,5.9
10033,2001-2002,1,63,25.8,8.48
10034,2003-2004,2,75,30.7,4.54
10035,2001-2002,1,39,19.0,6.49
10036,2017-2018,1,18,20.2,6.84
10037,2001-2002,1,75,19.2,5.49
10038,2017-2018,1,35,34.2,4.96
10039,2001-2002,2,33,36.9,7.63
10040,2001-2002,1,24,34.0,5.59
10041,2005-2006,2,73,35.6,7.03
10042,1999-2000,1,43,35.6,7.6
10043,1999-2000,1,30,23.0,6.02
10044,2005-2006,1,35,29.4,7.94
10045,1999-2000,2,69,38.7,6.48
10046,1999-2000,1,80,20.7,7.39
10047,2001-2002,1,44,29.9,4.96
10048,2005-2006,1,28,27.4,8.43
10049,2003-2004,2,36,28.4,8.31
10050,2017-2018,2,27,23.0,4.98
10051,1999-2000,1,65,25.9,4.23
10052,2005-2006,1,21,41.1,4.36
10053,2001-2002,1,56,20.1,7.88
10054,2005-2006,1,78,39.4,5.11
10055,2017-2018,1,57,20.4,6.96
10056,2017-2018,2,77,24.6,7.01
10057,2003-2004,1,34,27.8,7.02
10058,2003-2004,2,38,40.3,8.21
10059,1999-2000,2,57,42.0,8.48
10060,1999-2000,1,50,24.7,8.2
10061,1999-2000,1,41,25.2,5.97
10062,2017-2018,2,57,41.6,7.63
10063,2017-2018,1,60,37.7,5.35
10064,1999-2000,1,34,21.2,4.48
10065,2017-2018,1,35,25.1,4.95
10066,2003-2004,1,61,33.4,5.19
10067,2005-2006,2,75,39.8,4.23
10068,2005-2006,2,20,18.6,7.47
10069,2003-2004,1,65,28.9,7.18
10070,2017-2018,1,25,20.3,7.97
10071,2001-2002,1,71,27.2,6.49
10072,2005-2006,1,20,25.7,8.05
10073,1999-2000,2,31,34.5,7.0
10074,2003-2004,2,80,33.1,4.7
10075,2001-2002,1,80,37.3,4.8
10076,2005-2006,1,29,35.8,5.49
10077,2005-2006,1,35,22.2,7.16
10078,2005-2006,1,72,29.6,4.9
10079,2005-2006,2,37,37.8,7.92
10080,2001-2002,1,60,23.0,5.48
10081,1999-2000,2,40,33.6,5.8
10082,2017-2018,2,78,19.1,7.95
10083,2003-2004,1,55,41.1,5.19
10084,1999-2000,2,40,35.6,5.41
10085,2017-2018,1,42,39.6,4.86
10086,1999-2000,2,18,30.7,7.63
10087,2001-2002,2,45,20.1,6.99
10088,2003-2004,2,60,38.4,7.24
10089,2003-2004,2,60,28.1,5.81
10090,2003-2004,1,30,28.4,8.23
10091,2001-2002,2,43,31.4,4.0
10092,2003-2004,1,45,37.0,6.73
10093,2003-2004,2,46,28.9,4.96
10094,2005-2006,1,60,20.5,6.32
10095,2017-2018,2,23,37.7,7.38
10096,2003-2004,1,69,23.2,4.11
10097,2001-2002,2,57,38.5,4.33
10098,2005-2006,1,63,34.9,6.22
10099,2001-2002,1,59,34.7,8.02
10100,1999-2000,2,32,22.6,8.31
